City_ID,City,Cloudiness,Country,Date,Humidity,Lat,Lng,Max Temp,Wind Speed
0,clyde river,75,CA,1583453415,67,70.47,-68.59,-23.8,12.75
1,phuket,20,TH,1583453527,88,8.0,98.25,77.0,11.39
2,kodiak,1,US,1583453477,39,57.79,-152.41,30.2,25.28
3,mataura,70,NZ,1583453150,64,-46.19,168.86,66.0,1.99
4,isangel,75,VU,1583453422,79,-19.55,169.27,84.2,9.17
5,nortelandia,26,BR,1583453528,81,-14.45,-56.8,73.26,0.72
6,dikson,41,RU,1583453150,99,73.51,80.55,-26.43,10.0
7,ahipara,5,NZ,1583453528,90,-35.17,173.17,73.99,13.44
8,carnarvon,0,AU,1583453398,83,-24.87,113.63,73.4,6.93
9,fairbanks,1,US,1583453238,63,64.84,-147.72,-0.99,1.61
10,taltal,3,CL,1583453529,89,-25.4,-70.48,59.63,3.44
11,ushuaia,40,AR,1583453374,48,-54.8,-68.3,64.4,11.41
12,murray bridge,44,AU,1583453529,84,-35.12,139.27,68.0,3.0
13,port pirie,90,AU,1583453530,68,-33.18,138.02,64.4,5.82
14,luderitz,0,NA,1583453480,73,-26.65,15.16,71.6,1.12
15,grindavik,17,IS,1583453530,73,63.84,-22.43,28.4,21.92
16,albox,37,ES,1583453530,45,37.39,-2.15,62.6,4.7
17,mumford,98,GH,1583453531,82,5.26,-0.76,77.52,4.5
18,san miguel,41,SV,1583453531,59,13.48,-88.18,89.6,4.7
19,sandwick,20,GB,1583453531,80,60.0,-1.25,41.0,11.41
20,atuona,0,PF,1583453158,62,-9.8,-139.03,82.0,7.45
21,tucumcari,1,US,1583453532,28,35.17,-103.72,57.2,10.29
22,tuktoyaktuk,5,CA,1583453403,74,69.45,-133.04,-25.6,6.93
23,rikitea,39,PF,1583453392,72,-23.12,-134.97,77.99,18.68
24,norman wells,20,CA,1583453447,52,65.28,-126.83,-7.6,3.36
25,dayong,40,CN,1583453533,81,25.02,118.29,53.6,2.24
26,geraldton,90,AU,1583453408,64,-28.77,114.6,73.4,13.87
27,terney,0,RU,1583453533,78,45.05,136.61,22.21,4.18
28,hualmay,82,PE,1583453533,75,-11.1,-77.61,73.45,5.53
29,georgetown,40,MY,1583453401,83,5.41,100.34,80.6,5.82
30,hithadhoo,51,MV,1583453434,70,-0.6,73.08,82.85,8.63
31,punta arenas,27,CL,1583453401,55,-53.15,-70.92,62.6,6.93
32,harper,100,LR,1583453534,94,4.38,-7.72,78.19,3.62
33,aykhal,90,RU,1583453534,92,66.0,111.5,10.4,8.95
34,victoria,20,HK,1583453407,72,22.29,114.16,66.99,17.22
35,mae sai,2,TH,1583453535,82,20.43,99.88,63.0,3.36
36,busselton,43,AU,1583453404,59,-33.65,115.33,66.99,9.1
37,daru,100,PG,1583453535,84,-9.08,143.21,84.2,2.51
38,port lincoln,93,AU,1583453494,63,-34.73,135.87,62.04,10.18
39,bambous virieux,40,MU,1583453420,94,-20.34,57.76,81.0,11.41
40,sambava,72,MG,1583453518,79,-14.27,50.17,74.34,2.93
41,itaituba,70,BR,1583453536,96,-4.28,-55.98,75.11,1.57
42,galle,22,LK,1583453537,82,6.04,80.22,79.77,7.27
43,den helder,90,NL,1583453537,93,52.96,4.76,43.0,13.87
44,thompson,5,CA,1583453331,91,55.74,-97.86,32.0,6.93
45,hermanus,32,ZA,1583453393,84,-34.42,19.23,73.0,13.0
46,bozeman,1,US,1583453397,39,45.68,-111.04,57.2,3.36
47,tasiilaq,31,GL,1583453428,72,65.61,-37.64,14.0,2.24
48,upernavik,100,GL,1583453350,95,72.79,-56.15,-11.65,10.13
49,vaini,20,TO,1583453396,74,-21.2,-175.2,84.2,9.17
50,ginir,2,ET,1583453539,59,7.13,40.7,61.14,4.68
51,salalah,0,OM,1583453430,56,17.02,54.09,73.4,4.7
52,inhambane,10,MZ,1583453475,74,-23.86,35.38,76.84,15.73
53,saint-philippe,20,RE,1583453161,83,-21.36,55.77,80.6,3.36
54,east london,100,ZA,1583453441,77,-33.02,27.91,76.89,3.38
55,westport,1,US,1583453330,45,41.14,-73.36,46.99,9.17
56,bluff,78,NZ,1583453454,64,-46.6,168.33,66.0,1.99
57,okhotsk,19,RU,1583453540,87,59.38,143.3,-2.07,5.01
58,kruisfontein,21,ZA,1583453362,95,-34.0,24.73,66.61,4.45
59,puerto ayora,20,EC,1583453405,78,-0.74,-90.35,82.4,11.41
60,castro,63,BR,1583453392,97,-24.79,-50.01,60.48,6.82
61,huzhou,35,CN,1583453541,72,30.87,120.09,46.0,8.86
62,kaitangata,62,NZ,1583453469,71,-46.28,169.85,56.57,20.04
63,butaritari,100,KI,1583453163,79,3.07,172.79,83.32,15.64
64,vestmannaeyjar,25,IS,1583453449,71,63.44,-20.27,31.19,26.55
65,biltine,98,TD,1583453542,16,14.53,20.92,76.53,8.48
66,ivanava,81,BY,1583453542,89,52.15,25.54,35.4,3.47
67,yuci,0,CN,1583453542,64,37.68,112.73,32.0,2.24
68,zhezkazgan,55,KZ,1583453542,91,47.8,67.71,10.76,11.5
69,mar del plata,83,AR,1583453286,83,-38.0,-57.56,71.6,12.75
70,airai,100,TL,1583453543,90,-8.93,125.41,70.77,1.01
71,chuy,0,UY,1583453401,81,-33.7,-53.46,66.99,8.97
72,husavik,90,IS,1583453543,86,66.04,-17.34,30.2,20.8
73,kapaa,75,US,1583453148,74,22.08,-159.32,80.6,18.34
74,praia,0,CV,1583453495,69,14.92,-23.51,73.4,20.8
75,katsuura,20,JP,1583453408,31,35.13,140.3,48.2,25.28
76,hobart,40,AU,1583453270,72,-42.88,147.33,64.0,16.11
77,dingzhou,68,CN,1583453544,74,38.51,115.0,28.4,2.24
78,albany,1,US,1583453115,51,42.6,-73.97,39.2,3.36
79,turukhansk,100,RU,1583453545,97,65.82,87.98,-8.41,7.87
80,tomari,100,RU,1583453545,75,47.77,142.07,27.25,15.1
81,kachug,67,RU,1583453545,98,53.96,105.88,3.96,1.79
82,mackay,90,AU,1583453498,83,-21.15,149.2,84.0,4.7
83,haveli,81,PK,1583453405,93,30.45,73.7,55.74,12.71
84,samarai,100,PG,1583453395,65,-10.62,150.67,86.94,5.39
85,staraya russa,100,RU,1583453547,93,57.99,31.36,36.52,4.56
86,bethel,1,US,1583453449,36,41.37,-73.41,46.99,2.53
87,umm lajj,15,SA,1583453548,31,25.02,37.27,67.15,3.51
88,turkistan,0,KZ,1583453548,63,43.0,68.0,36.5,4.74
89,tiksi,100,RU,1583453400,92,71.69,128.87,2.97,9.28
90,cape town,34,ZA,1583453180,73,-33.93,18.42,73.0,6.93
91,beya,100,RU,1583453548,86,53.05,90.91,22.32,10.98
92,kavieng,100,PG,1583453413,67,-2.57,150.8,84.67,3.51
93,rocha,16,UY,1583453549,93,-34.48,-54.33,61.9,7.23
94,caohe,85,CN,1583453550,87,30.23,115.43,52.12,9.24
95,padang,100,ID,1583453462,71,-0.95,100.35,68.83,4.38
96,souillac,40,MU,1583453226,94,-20.52,57.52,81.0,11.41
97,bosaso,81,SO,1583453404,78,11.28,49.18,77.18,7.85
98,bakchar,88,RU,1583453478,97,57.02,82.07,2.34,5.79
99,faanui,17,PF,1583453467,60,-16.48,-151.75,82.54,2.19
100,port alfred,76,ZA,1583453165,94,-33.59,26.89,69.01,7.18
101,saldanha,57,ZA,1583453472,69,-33.01,17.94,73.4,3.36
102,collie,31,AU,1583453551,83,-33.37,116.15,66.0,8.01
103,jamestown,1,US,1583453193,41,42.1,-79.24,42.8,4.7
104,severo-kurilsk,100,RU,1583453471,86,50.68,156.12,24.35,13.58
105,nikolskoye,40,RU,1583453432,95,59.7,30.79,37.0,4.47
106,tateyama,20,JP,1583453552,31,34.98,139.87,50.0,25.28
107,xiongzhou,84,CN,1583453552,85,25.12,114.3,57.38,2.33
108,antofagasta,20,CL,1583453160,77,-23.65,-70.4,68.0,10.29
109,shubarshi,71,KZ,1583453553,84,48.59,57.19,27.37,15.64
110,campbell river,75,CA,1583453553,70,50.02,-125.24,48.2,3.36
111,roma,75,US,1583453334,55,43.21,-75.46,37.99,5.82
112,leningradskiy,12,RU,1583453163,75,69.38,178.42,-3.93,2.77
113,ixtepec,2,MX,1583453554,50,16.58,-95.1,78.51,27.87
114,reinosa,24,ES,1583453554,76,43.0,-4.14,50.0,9.17
115,port elizabeth,90,ZA,1583453468,94,-33.92,25.57,71.6,2.24
116,cidreira,0,BR,1583453402,72,-30.18,-50.21,73.44,10.22
117,wanning,97,CN,1583453555,91,18.8,110.4,72.57,8.66
118,ialibu,98,PG,1583453555,78,-6.28,143.99,70.47,2.33
119,hilo,90,US,1583453237,61,19.73,-155.09,78.8,9.17
120,kushima,20,JP,1583453556,75,31.46,131.23,41.0,9.17
121,tezu,0,IN,1583453556,61,27.92,96.17,57.25,1.77
122,new norfolk,40,AU,1583453391,72,-42.78,147.06,64.0,16.11
123,muros,75,ES,1583453353,93,42.78,-9.06,54.0,11.41
124,pecos,1,US,1583453419,28,31.42,-103.49,71.6,3.36
125,mahebourg,40,MU,1583453397,94,-20.41,57.7,81.0,11.41
126,quatre cocos,40,MU,1583453557,94,-20.21,57.76,81.0,9.17
127,cherskiy,100,RU,1583453371,94,68.75,161.3,-3.44,5.55
128,wellington,38,NZ,1583453382,55,-41.29,174.78,69.01,8.05
129,pevek,25,RU,1583453438,76,69.7,170.31,-5.57,10.0
130,russell,90,US,1583453291,87,32.35,-85.2,55.0,9.17
131,saint-louis,0,SN,1583453438,28,16.33,-15.0,80.6,2.24
132,chicama,75,PE,1583453559,78,-7.84,-79.15,75.2,10.29
133,qaanaaq,39,GL,1583453421,86,77.48,-69.36,-22.47,4.21
134,vidalia,90,US,1583453559,87,32.22,-82.41,54.0,9.17
135,chapais,90,CA,1583453560,53,49.78,-74.85,21.2,6.93
136,toora-khem,100,RU,1583453560,91,52.47,96.11,9.41,1.92
137,taman,100,RU,1583453560,35,45.21,36.72,55.4,8.95
138,tambura,3,SS,1583453560,28,5.6,27.47,71.73,1.25
139,kangaatsiaq,100,GL,1583453561,90,68.31,-53.46,9.01,7.47
140,donskoye,89,RU,1583453561,93,45.46,41.97,37.4,13.42
141,lorengau,78,PG,1583453561,69,-2.02,147.27,83.8,2.13
142,sitka,90,US,1583453392,86,57.05,-135.33,37.4,10.29
143,coihaique,84,CL,1583453436,56,-45.58,-72.07,68.0,3.36
144,kaeo,59,NZ,1583453562,90,-35.1,173.78,73.99,23.67
145,ixtapa,75,MX,1583453562,73,20.7,-105.2,75.2,12.75
146,liyang,78,CN,1583453562,78,29.71,118.29,43.75,2.19
147,bredasdorp,47,ZA,1583453420,88,-34.53,20.04,73.0,8.05
148,manchenky,100,UA,1583453563,75,49.98,35.86,46.4,15.66
149,pangnirtung,40,CA,1583453455,70,66.15,-65.71,-2.2,6.93
150,sao jose da coroa grande,5,BR,1583453563,77,-8.9,-35.15,83.08,13.58
151,san cristobal,39,VE,1583453412,72,7.77,-72.22,55.02,1.41
152,ilhabela,0,BR,1583453533,68,-23.78,-45.36,75.24,6.6
153,mazabuka,15,ZM,1583453564,97,-15.86,27.75,60.22,3.6
154,hasaki,20,JP,1583453395,36,35.73,140.83,48.0,12.75
155,dunedin,39,NZ,1583453354,61,-45.87,170.5,62.01,24.0
156,bonavista,98,CA,1583453564,83,48.65,-53.11,29.91,21.05
157,safaga,0,EG,1583453565,72,26.73,33.94,66.2,3.36
158,lompoc,20,US,1583453269,72,34.64,-120.46,69.8,12.75
159,sioux lookout,20,CA,1583453433,45,50.1,-91.92,26.6,6.93
160,caravelas,100,BR,1583453193,83,-17.71,-39.25,81.52,7.18
161,qaqortoq,75,GL,1583453480,37,60.72,-46.03,37.4,25.28
162,nanortalik,100,GL,1583453183,69,60.14,-45.24,30.88,23.13
163,te anau,95,NZ,1583453492,65,-45.42,167.72,58.55,1.28
164,ponta do sol,75,PT,1583453398,55,32.67,-17.1,62.6,17.22
165,tessalit,0,ML,1583453566,10,20.2,1.01,72.46,8.32
166,avarua,52,CK,1583453192,74,-21.21,-159.78,84.2,4.7
167,mandera,100,KE,1583453567,67,3.94,41.87,80.91,12.59
168,chimoio,8,MZ,1583453567,98,-19.12,33.48,62.62,3.83
169,fort nelson,90,CA,1583453567,70,58.81,-122.7,-2.2,14.99
170,lata,40,PT,1583453476,76,40.16,-8.33,55.99,11.41
171,natchitoches,1,US,1583453568,42,31.77,-93.13,69.8,10.29
172,rio gallegos,33,AR,1583453496,48,-51.62,-69.22,64.4,26.4
173,barrow,90,US,1583453156,77,71.29,-156.79,-0.4,10.29
174,rio grande,0,BR,1583453438,82,-32.03,-52.1,71.01,12.55
175,kemijarvi,97,FI,1583453569,97,66.71,27.43,28.02,7.52
176,havre-saint-pierre,90,CA,1583453569,50,50.23,-63.6,28.4,12.75
177,nalut,0,LY,1583453569,33,30.33,10.85,59.0,8.3
178,lieksa,100,FI,1583453569,92,63.32,30.02,32.07,9.35
179,nantucket,1,US,1583453466,80,41.28,-70.1,42.8,12.75
180,gerash,0,IR,1583453570,47,27.67,54.14,56.41,6.26
181,zhigansk,100,RU,1583453570,92,66.77,123.37,6.53,22.48
182,watsa,14,CD,1583453570,57,3.04,29.54,68.34,3.18
183,saskylakh,100,RU,1583453407,98,71.92,114.08,-6.27,6.15
184,bairiki,75,KI,1583453571,74,1.33,172.98,87.8,9.17
185,serowe,0,BW,1583453571,70,-22.38,26.72,62.11,5.08
186,constitucion,48,CL,1583453571,67,-35.33,-72.42,62.73,5.55
187,ingham,90,US,1583453571,80,42.6,-84.38,46.4,11.16
188,aklavik,20,CA,1583453414,56,68.22,-135.01,-11.2,3.36
189,labuhan,86,ID,1583453572,85,-6.88,112.21,77.29,3.78
190,krasnoselkup,100,RU,1583453572,88,65.7,82.47,-8.55,21.9
191,sinjai,100,ID,1583453573,79,-5.12,120.25,81.27,14.18
192,conde,0,BR,1583453573,78,-7.26,-34.91,82.4,5.82
193,ibirama,45,BR,1583453573,89,-27.06,-49.52,66.0,4.03
194,alofi,40,NU,1583453450,62,-19.06,-169.92,86.0,10.29
195,soddy-daisy,75,US,1583453574,87,35.24,-85.19,55.4,1.57
196,bakel,0,SN,1583453574,6,14.9,-12.46,82.62,8.16
197,torbay,75,CA,1583453405,79,47.67,-52.73,32.0,33.33
198,esperance,40,AU,1583453429,72,-33.87,121.9,64.4,12.75
199,yellowknife,90,CA,1583453396,69,62.46,-114.35,-7.01,11.41
200,grand gaube,40,MU,1583453424,94,-20.01,57.66,81.0,11.41
201,serenje,44,ZM,1583453575,94,-13.23,30.24,61.41,4.79
202,huai yot,20,TH,1583453447,100,7.79,99.63,75.2,3.11
203,saint-pierre,20,RE,1583453488,83,-21.34,55.48,80.6,4.7
204,provideniya,90,RU,1583453400,85,64.38,-173.3,15.8,4.47
205,anchorage,1,US,1583453576,31,61.22,-149.9,21.2,40.26
206,arawa,99,PG,1583453576,67,-6.21,155.54,86.14,4.88
207,salinopolis,0,BR,1583453404,78,-0.61,-47.36,81.55,12.88
208,samfya,70,ZM,1583453576,98,-11.36,29.56,62.38,4.76
209,kolvereid,35,NO,1583453576,86,64.87,11.6,34.03,6.71
210,broome,1,US,1583453476,64,42.25,-75.83,41.0,3.91
211,bengkulu,100,ID,1583453444,84,-3.8,102.27,75.16,3.0
212,kalat,71,PK,1583453577,87,29.02,66.59,34.65,15.66
213,arraial do cabo,20,BR,1583453441,83,-22.97,-42.03,73.4,5.82
214,kavaratti,38,IN,1583453578,69,10.57,72.64,82.04,9.08
215,mimongo,100,GA,1583453578,96,-1.62,11.61,69.37,1.72
216,arbagar,100,RU,1583453578,95,51.94,116.28,10.11,1.19
217,emba,68,KZ,1583453578,92,48.83,58.14,10.18,13.56
218,pierre,1,US,1583453579,42,44.37,-100.35,44.6,12.75
219,xining,0,CN,1583453495,80,36.62,101.77,26.89,4.5
220,chokurdakh,97,RU,1583453405,85,70.63,147.92,-9.4,5.77
221,erzin,75,TR,1583453580,87,36.96,36.2,64.99,5.82
222,matiri,99,TZ,1583453580,86,-10.75,34.9,59.5,2.01
223,swellendam,21,ZA,1583453460,88,-34.02,20.44,69.8,10.29
224,palapag,95,PH,1583453580,94,12.55,125.11,79.54,3.62
225,skibbereen,75,IE,1583453444,86,51.55,-9.27,37.4,16.11
226,adrar,0,MR,1583453581,9,20.5,-10.07,74.79,9.35
227,vanavara,100,RU,1583453581,90,60.34,102.28,1.9,5.55
228,jinchang,4,CN,1583453582,56,38.5,102.17,27.59,5.95
229,channel-port aux basques,100,CA,1583453582,82,47.57,-59.14,30.49,32.19
230,shitanjing,33,CN,1583453582,32,39.23,106.34,36.0,3.0
231,vostok,99,RU,1583453582,91,46.49,135.88,17.83,2.1
232,irtyshskiy,22,RU,1583453582,94,58.33,68.13,0.25,6.89
233,mingyue,30,CN,1583453583,75,43.11,128.92,20.07,1.03
234,hobyo,95,SO,1583453401,81,5.35,48.53,78.26,8.08
235,moche,75,PE,1583453583,78,-8.17,-79.01,75.2,10.29
236,alice springs,0,AU,1583453341,60,-23.7,133.88,73.4,1.12
237,panacan,20,PH,1583453583,88,9.25,118.41,77.0,4.7
238,ocos,20,GT,1583453584,66,14.51,-92.19,87.8,11.41
239,ribeira grande,98,PT,1583453437,74,38.52,-28.7,55.99,8.55
240,salisbury,80,GB,1583453584,86,51.07,-1.8,41.0,6.93
241,anastacio,45,BR,1583453584,69,-20.48,-55.81,75.58,4.7
242,talnakh,90,RU,1583453148,75,69.49,88.4,-20.2,20.13
243,chivilcoy,0,AR,1583453585,60,-34.9,-60.02,75.0,4.0
244,seymour,90,US,1583453585,40,38.96,-85.89,57.2,10.29
245,ilulissat,75,GL,1583453153,70,69.22,-51.1,-2.2,6.93
246,kieta,99,PG,1583453585,67,-6.22,155.63,86.14,4.88
247,lavrentiya,99,RU,1583453442,95,65.58,-171.0,4.24,3.67
248,seabra,96,BR,1583453405,95,-12.42,-41.77,65.61,3.38
249,maniitsoq,46,GL,1583453586,43,65.42,-52.9,18.41,2.33
250,ancud,58,CL,1583453427,82,-41.87,-73.82,64.4,2.24
251,makokou,100,GA,1583453587,97,0.57,12.86,71.31,0.98
252,poum,2,NC,1583453448,78,-20.23,164.02,81.81,16.4
253,vila franca do campo,20,PT,1583453458,76,37.72,-25.43,55.4,5.82
254,mezen,100,RU,1583453408,95,65.85,44.24,28.78,17.83
255,pell city,90,US,1583453587,100,33.59,-86.29,55.99,4.7
256,iqaluit,75,CA,1583453247,69,63.75,-68.51,-9.0,21.92
257,nowy targ,20,PL,1583453588,75,49.48,20.03,35.01,9.17
258,bow island,90,CA,1583453301,39,49.87,-111.37,44.6,20.8
259,deniliquin,0,AU,1583453588,62,-35.53,144.97,66.99,13.0
260,kailua,75,US,1583453354,69,21.4,-157.74,78.8,5.82
261,selikhino,91,RU,1583453589,92,50.37,137.5,16.47,3.38
262,mokhotlong,0,LS,1583453589,34,-29.29,29.07,44.62,5.73
263,sao filipe,0,CV,1583453409,63,14.9,-24.5,73.18,23.73
264,bathsheba,40,BB,1583453199,65,13.22,-59.52,78.8,19.46
265,manadhoo,33,MV,1583453590,66,5.77,73.38,81.61,1.7
266,kelowna,75,CA,1583453498,30,49.88,-119.49,53.6,5.82
267,cabo san lucas,75,MX,1583453178,53,22.89,-109.91,75.0,5.82
268,foz do iguacu,0,BR,1583453561,50,-25.55,-54.59,80.6,5.82
269,narsaq,100,GL,1583453250,37,60.92,-46.05,35.6,20.8
270,nakamura,0,JP,1583453592,52,32.98,132.93,45.63,1.81
271,turayf,2,SA,1583453435,47,31.67,38.66,57.2,13.87
272,butterworth,40,MY,1583453592,83,5.4,100.36,80.6,5.82
273,bilma,0,NE,1583453502,18,18.69,12.92,70.86,14.36
274,dandong,6,CN,1583453592,63,40.13,124.39,33.67,11.12
275,rabo de peixe,20,PT,1583453408,76,37.8,-25.58,55.4,5.82
276,longyearbyen,20,SJ,1583453173,61,78.22,15.64,12.2,9.17
277,da nang,75,VN,1583453504,88,16.07,108.22,73.4,4.7
278,makakilo city,75,US,1583453501,69,21.35,-158.09,78.8,5.82
279,bani,20,DO,1583453525,83,18.28,-70.33,80.01,5.82
280,banda aceh,92,ID,1583453594,91,5.56,95.32,73.51,3.44
281,barabai,100,ID,1583453594,96,-2.58,115.38,73.53,1.21
282,cullinan,0,ZA,1583453594,67,-25.67,28.52,66.0,4.7
283,victoria point,75,AU,1583453594,74,-27.58,153.3,84.99,10.29
284,tyukhtet,94,RU,1583453594,97,56.54,89.3,3.06,6.96
285,merauke,100,ID,1583453595,82,-8.47,140.33,83.97,5.59
286,khatanga,100,RU,1583453174,95,71.97,102.5,-28.75,7.49
287,tuatapere,89,NZ,1583453456,64,-46.13,167.68,66.0,1.99
288,cayenne,41,GF,1583453479,78,4.93,-52.33,78.8,3.36
289,peniche,20,PT,1583453595,81,39.36,-9.38,55.4,6.93
290,pisco,94,PE,1583453479,30,-13.7,-76.22,73.0,19.46
291,pathein,0,MM,1583453596,85,16.78,94.73,72.16,6.71
292,kijang,0,KR,1583453424,64,35.24,129.21,33.8,5.82
293,pangai,20,TO,1583453596,66,-19.8,-174.35,86.0,11.41
294,kutum,56,SD,1583453596,18,14.2,24.67,64.99,3.85
295,komsomolskiy,90,UZ,1583453597,93,40.43,71.72,41.0,7.61
296,san patricio,40,MX,1583453460,65,19.22,-104.7,82.4,23.04
297,port macquarie,90,AU,1583453548,83,-31.43,152.92,75.99,5.82
298,tura,100,IN,1583453597,72,25.52,90.22,64.58,2.1
299,morro bay,1,US,1583453470,67,35.37,-120.85,69.01,10.29
300,tuburan,75,PH,1583453598,88,6.64,122.27,78.8,1.12
301,jorochito,20,BO,1583453598,58,-18.05,-63.43,87.8,6.93
302,udachnyy,90,RU,1583453598,92,66.42,112.4,10.4,8.95
303,dhaka,75,BD,1583453580,77,23.71,90.41,69.8,4.7
304,petit goave,20,HT,1583453598,66,18.43,-72.87,84.2,10.29
305,avera,90,US,1583453599,93,33.19,-82.53,51.8,8.05
306,kununurra,99,AU,1583453246,70,-15.77,128.73,84.2,4.7
307,codrington,100,AU,1583453454,80,-38.27,141.97,58.91,16.28
308,imbituba,47,BR,1583453599,83,-28.24,-48.67,73.4,9.17
309,yumen,0,CN,1583453435,77,40.28,97.2,26.44,9.93
310,lasa,90,IT,1583453600,92,46.62,10.7,37.0,2.24
311,kahului,40,US,1583453494,61,20.89,-156.47,84.2,6.93
312,guerrero negro,39,MX,1583453464,30,27.98,-114.06,73.47,13.76
313,huarmey,68,PE,1583453348,68,-10.07,-78.15,75.04,5.5
314,puerto escondido,75,MX,1583453409,79,15.85,-97.07,84.2,5.82
315,oistins,40,BB,1583453435,65,13.07,-59.53,78.8,19.46
316,tual,98,ID,1583453601,74,-5.67,132.75,83.19,3.42
317,watertown,1,US,1583453602,60,42.37,-71.18,45.0,3.36
318,belyy yar,100,RU,1583453602,63,53.6,91.39,26.6,11.18
319,yar-sale,26,RU,1583453602,92,66.83,70.83,-15.9,13.87
320,wajir,100,KE,1583453602,63,1.75,40.06,83.84,13.96
321,novikovo,99,RU,1583453603,84,51.15,37.89,43.12,15.79
322,dalvik,90,IS,1583453603,86,65.97,-18.53,30.2,20.8
323,richards bay,1,ZA,1583453452,75,-28.78,32.04,73.54,8.08
324,abadan,0,IR,1583453603,67,30.34,48.3,60.8,4.7
325,barreirinha,86,BR,1583453604,94,-2.79,-57.07,77.52,0.89
326,alihe,100,CN,1583453604,92,50.57,123.72,7.59,1.48
327,pascagoula,20,US,1583453604,67,30.37,-88.56,64.4,13.87
328,tucuman,0,AR,1583453604,58,-26.82,-65.22,86.0,5.79
329,hambantota,24,LK,1583453403,80,6.12,81.12,78.21,4.18
330,turka,12,UA,1583453605,84,49.15,23.03,28.99,4.25
331,nara,20,JP,1583453605,52,34.69,135.8,46.0,11.41
332,washington,20,US,1583453594,56,47.5,-120.5,55.4,4.7
333,tilichiki,93,RU,1583453411,83,60.47,166.1,7.77,4.18
334,kingman,1,US,1583453605,21,35.19,-114.05,81.0,13.87
335,palmer,75,US,1583453339,36,42.16,-72.33,44.6,1.07
336,aguimes,75,ES,1583453606,72,27.91,-15.45,66.2,20.8
337,namibe,52,AO,1583453470,79,-15.2,12.15,76.35,12.71
338,urumqi,20,CN,1583453242,71,43.8,87.6,32.0,4.47
339,dwarka,8,IN,1583453607,55,22.24,68.97,74.14,17.74
340,missoula,1,US,1583453607,24,47.02,-113.8,57.2,5.28
341,ryotsu,75,JP,1583453607,93,38.08,138.43,41.0,2.24
342,hella,90,NO,1583453607,85,67.2,14.43,25.0,12.75
343,oussouye,0,SN,1583453608,88,12.48,-16.55,75.2,2.24
344,mangai,7,CD,1583453608,81,-4.05,19.53,75.2,1.74
345,ostrovnoy,100,RU,1583453488,88,68.05,39.51,26.55,18.81
346,mercedes,0,AR,1583453608,64,-34.65,-59.43,79.0,1.99
347,tucupita,1,VE,1583453609,72,9.06,-62.05,76.62,7.58
348,kudahuvadhoo,82,MV,1583453467,69,2.67,72.89,81.66,4.03
349,fomboni,100,KM,1583453609,69,-12.28,43.74,83.7,10.31
350,san lorenzo,0,PY,1583453609,35,-25.33,-57.53,86.0,9.17
351,ternate,98,ID,1583453490,77,0.8,127.4,82.15,1.01
352,baoqing,0,CN,1583453610,82,46.33,132.21,17.94,0.78
353,bubaque,0,GW,1583453445,73,11.28,-15.83,79.47,14.74
354,dano,0,BF,1583453610,10,11.15,-3.07,79.77,3.94
355,kupang,20,ID,1583453610,94,-10.17,123.58,80.6,2.24
356,ivdel,53,RU,1583453611,91,60.69,60.42,6.57,4.25
357,verkhoyansk,60,RU,1583453611,81,67.54,133.38,-8.27,1.81
358,kimbe,96,PG,1583453404,61,-5.55,150.14,88.68,2.53
359,port hedland,0,AU,1583453493,79,-20.32,118.57,86.0,8.05
360,hirara,75,JP,1583453352,72,24.8,125.28,66.2,9.17
361,forest grove,75,US,1583453612,62,45.52,-123.11,60.01,8.79
362,taoudenni,0,ML,1583453412,10,22.68,-3.98,73.69,6.26
363,bara,7,NG,1583453612,11,10.37,10.73,76.28,6.73
364,cajamarca,75,PE,1583453436,63,-7.16,-78.5,66.2,11.41
365,borujerd,0,IR,1583453613,50,33.9,48.75,34.68,1.39
366,portland,75,US,1583453306,47,45.52,-122.68,59.0,6.93
367,kismayo,100,SO,1583453614,84,-0.36,42.55,81.95,11.39
368,bukama,100,CD,1583453614,96,-9.2,25.85,70.18,2.1
369,hauterive,90,FR,1583453614,75,46.09,3.45,44.6,10.29
370,chippewa falls,90,US,1583453614,74,44.94,-91.39,33.8,24.16
371,split,97,HR,1583453615,62,43.51,16.44,53.6,14.99
372,emerald,90,AU,1583453616,94,-23.53,148.17,78.01,1.12
373,esso,6,RU,1583453616,83,55.93,158.7,10.27,2.39
374,vao,1,NC,1583453504,81,-22.67,167.48,80.78,16.67
375,raipur,0,IN,1583453616,70,21.23,81.63,68.16,2.71
376,yatou,31,CN,1583453617,70,37.15,122.38,40.96,12.53
377,tecoanapa,0,MX,1583453380,57,16.52,-98.75,83.84,6.46
378,baiao,2,BR,1583453617,81,-2.79,-49.67,75.52,3.06
379,margate,75,GB,1583453462,93,51.38,1.39,43.0,10.29
380,omboue,85,GA,1583453617,97,-1.57,9.26,77.63,2.59
381,paso de carrasco,36,UY,1583453358,78,-34.86,-56.05,75.0,14.99
382,linjiang,33,CN,1583453618,82,41.81,126.91,16.84,5.01
383,faya,2,SA,1583453618,76,18.39,42.45,57.2,5.82
384,siavonga,71,ZM,1583453618,89,-16.54,28.71,71.01,2.71
385,fortuna,90,US,1583453144,81,40.6,-124.16,53.01,4.7
386,buin,16,CL,1583453619,28,-33.73,-70.75,86.0,6.93
387,tortosa,2,ES,1583453619,56,40.81,0.52,54.0,6.93
388,midlothian,1,US,1583453379,42,32.48,-96.99,71.6,10.29
389,san jose,90,US,1583453332,82,37.34,-121.89,69.8,5.82
390,hofn,53,IS,1583453455,49,64.25,-15.21,35.87,11.97
391,haines junction,100,CA,1583453620,89,60.75,-137.51,-3.66,11.18
392,roald,99,NO,1583453407,65,62.58,6.13,41.0,8.05
393,makubetsu,75,JP,1583453620,83,45.37,141.82,32.0,20.8
394,sao felix do xingu,23,BR,1583453621,96,-6.64,-51.99,74.03,2.13
395,severo-yeniseyskiy,82,RU,1583453519,98,60.37,93.04,-2.25,4.76
396,carauari,73,BR,1583453621,80,-4.88,-66.9,78.84,2.37
397,sarany,58,RU,1583453621,93,58.5,58.88,9.23,2.75
398,pokhara,98,NP,1583453621,45,28.23,83.98,54.84,3.18
399,awjilah,0,LY,1583453622,69,29.11,21.29,54.81,8.9
400,ngaoundere,42,CM,1583453622,19,7.32,13.58,73.9,4.18
401,anton lizardo,90,MX,1583453622,60,19.05,-95.98,75.2,16.11
402,orizona,75,BR,1583453622,93,-17.03,-48.3,69.03,3.91
403,beyneu,12,KZ,1583453622,87,45.32,55.2,38.07,15.55
404,gorom-gorom,0,BF,1583453623,5,14.44,-0.24,77.25,8.93
405,amapa,76,BR,1583453585,89,1.0,-52.0,74.35,4.16
406,lebu,17,CL,1583453440,52,-37.62,-73.65,64.56,10.6
407,sinnamary,43,GF,1583453623,78,5.38,-52.95,79.63,18.21
408,gushikawa,20,JP,1583453623,59,26.35,127.87,62.6,8.05
409,varnavino,100,RU,1583453624,84,57.4,45.09,32.54,16.84
410,victor harbor,75,AU,1583453624,68,-35.57,138.62,66.99,9.17
411,touros,40,BR,1583453624,88,-5.2,-35.46,80.6,14.99
412,rovaniemi,90,FI,1583453548,100,66.5,25.72,26.6,9.17
413,quelimane,40,MZ,1583453624,83,-17.88,36.89,77.0,5.82
414,payo,97,ID,1583453625,78,-3.75,103.64,67.69,2.51
415,tambopata,20,PE,1583453625,100,-12.73,-69.18,33.8,1.12
416,rapid city,1,US,1583453625,28,44.08,-103.23,45.0,5.82
417,cap malheureux,40,MU,1583453626,94,-19.98,57.61,81.0,9.17
418,nelson bay,20,AU,1583453626,65,-32.72,152.15,84.0,17.22
419,mayo,1,US,1583453466,48,38.89,-76.51,48.99,3.36
420,todos santos,40,MX,1583453626,46,23.45,-110.22,75.0,11.41
421,homer,1,US,1583453351,34,59.64,-151.55,23.0,5.82
422,tungor,88,RU,1583453525,90,53.38,142.96,13.15,5.82
423,ucluelet,75,CA,1583453627,75,48.93,-125.55,45.0,9.17
424,mujiayingzi,100,CN,1583453628,47,42.12,118.78,32.32,3.53
425,vangaindrano,52,MG,1583453628,91,-23.35,47.6,67.46,4.72
426,salekhard,0,RU,1583453628,81,66.53,66.6,-15.5,0.87
427,itarema,70,BR,1583453496,90,-2.92,-39.92,75.7,1.05
428,lagoa,100,PT,1583453471,71,39.05,-27.98,59.61,10.54
429,ribeira brava,75,PT,1583453503,55,32.65,-17.07,62.6,17.22
430,batagay,67,RU,1583453629,86,67.63,134.63,-6.16,3.62
431,singaparna,22,ID,1583453629,68,-7.35,108.11,72.0,3.36
432,elliot lake,90,CA,1583453630,86,46.38,-82.63,30.2,14.99
433,ocampo,100,MX,1583453630,24,21.65,-101.5,71.24,5.21
434,nicoya,93,CR,1583453630,80,10.15,-85.45,73.0,28.01
435,klaksvik,29,FO,1583453436,86,62.23,-6.59,33.8,1.12
436,tari,0,NG,1583453630,10,12.41,4.49,80.6,7.31
437,stabat,40,ID,1583453631,88,3.76,98.45,80.6,4.7
438,mehamn,90,NO,1583453462,79,71.04,27.85,23.0,3.36
439,mattru,2,SL,1583453631,92,7.62,-11.83,77.95,1.25
440,viedma,100,AR,1583453358,47,-40.81,-63.0,76.89,13.42
441,veseloyarsk,100,RU,1583453632,96,51.28,81.11,19.38,5.44
442,northam,20,GB,1583453632,100,51.03,-4.22,37.0,2.24
443,kamenka,89,RU,1583453632,92,51.32,42.77,32.0,14.0
444,kastamonu,66,TR,1583453632,78,41.5,33.67,41.32,3.89
445,indore,40,IN,1583453633,48,22.72,75.83,66.2,7.16
446,talara,40,PE,1583453633,100,-4.58,-81.27,62.6,11.41
447,pingliang,38,CN,1583453633,82,35.54,106.69,34.21,4.38
448,pustoshka,100,RU,1583453633,90,56.34,29.37,34.09,3.02
449,riverton,1,US,1583453634,34,40.52,-111.94,64.4,10.29
450,cabedelo,1,BR,1583453450,78,-6.98,-34.83,82.4,5.82
451,champerico,5,GT,1583453417,65,14.3,-91.92,83.07,8.97
452,nome,90,US,1583453403,84,64.5,-165.41,5.0,13.87
453,bay roberts,75,CA,1583453634,79,47.6,-53.26,32.0,33.33
454,morehead,1,US,1583453635,33,37.27,-87.18,60.8,6.93
455,point pedro,100,LK,1583453635,80,9.82,80.23,78.19,16.44
456,khasan,24,RU,1583453635,72,42.43,130.64,25.47,2.8
457,pinheiro machado,0,BR,1583453635,80,-31.58,-53.38,64.99,11.18
458,gizo,100,SB,1583453635,78,-8.1,156.84,82.89,5.7
459,saint george,0,US,1583453151,10,37.1,-113.58,71.6,8.05
460,anadyr,17,RU,1583453636,77,64.75,177.48,-2.0,4.47
461,srandakan,2,ID,1583453636,79,-7.94,110.25,77.11,2.39
462,prince albert,90,CA,1583453556,92,53.2,-105.77,26.6,9.17
463,tevriz,99,RU,1583453636,91,57.51,72.4,5.4,7.96
464,asosa,38,ET,1583453637,16,10.07,34.53,73.62,5.82
465,kousseri,27,CM,1583453637,22,12.08,15.03,77.2,9.64
466,umea,100,SE,1583453637,85,63.83,20.26,19.4,6.93
467,praia da vitoria,40,PT,1583453412,87,38.73,-27.07,55.4,5.88
468,manggar,100,ID,1583453424,79,-2.88,108.27,82.08,9.28
469,saryozek,100,KZ,1583453638,92,44.36,77.98,31.24,6.46
470,port blair,100,IN,1583453396,71,11.67,92.75,81.45,6.96
471,bonfim,78,BR,1583453638,42,3.08,-59.95,88.41,13.8
472,alberton,94,CA,1583453638,48,46.82,-64.07,28.99,22.21
473,bambanglipuro,2,ID,1583453495,79,-7.95,110.28,77.11,2.39
474,bontang,100,ID,1583453426,87,0.13,117.5,74.59,9.66
475,vila velha,90,BR,1583453471,100,-20.33,-40.29,73.4,5.82
476,vidim,100,RU,1583453639,86,56.41,103.11,23.61,13.73
477,naze,75,JP,1583453414,54,28.37,129.48,59.0,8.05
478,bunia,1,CD,1583453640,63,1.57,30.25,75.43,3.2
479,chazuta,75,PE,1583453640,100,-6.57,-76.14,62.6,2.24
480,sao sebastiao,0,BR,1583453640,68,-23.76,-45.41,75.24,6.6
481,aden,0,YE,1583453640,73,12.78,45.04,75.31,7.9
482,abha,0,SA,1583453641,76,18.22,42.51,57.2,5.82
483,high level,90,CA,1583453641,71,58.52,-117.14,6.8,11.41
484,tiznit,13,MA,1583453641,71,29.58,-9.5,57.07,5.21
485,hay river,90,CA,1583453641,69,60.82,-115.8,-9.4,5.82
486,omsukchan,42,RU,1583453487,78,62.53,155.8,-0.38,1.72
487,saint-augustin,100,CA,1583453642,74,51.23,-58.65,25.43,20.15
488,nuuk,75,GL,1583453191,52,64.18,-51.72,19.0,2.24
489,baglung,76,NP,1583453642,53,28.27,83.59,34.23,7.76
490,hinton,100,CA,1583453642,76,53.4,-117.59,35.92,2.89
491,sobolevo,100,RU,1583453643,95,54.43,31.9,41.97,4.23
492,newport,100,GB,1583453595,86,51.59,-3.0,41.0,3.36
493,kelso,75,US,1583453643,50,46.15,-122.91,59.0,8.05
494,hokitika,44,NZ,1583453643,74,-42.72,170.97,61.21,9.01
495,lubango,96,AO,1583453445,63,-14.92,13.49,62.06,4.29
496,zlobin,75,HR,1583453644,87,45.29,14.65,46.4,11.41
497,xacmaz,64,AZ,1583453644,87,41.46,48.81,47.79,5.44
498,velika gorica,100,HR,1583453644,57,45.71,16.08,48.99,6.93
499,opuwo,88,NA,1583453644,59,-18.06,13.84,71.19,4.63
500,gazli,96,UZ,1583453466,47,40.13,63.45,40.59,1.63
501,tamandare,5,BR,1583453645,77,-8.76,-35.1,83.08,13.58
502,griffith,75,US,1583453645,48,41.53,-87.42,46.4,18.34
503,kolno,0,PL,1583453645,74,53.41,21.93,35.6,5.82
504,comodoro rivadavia,40,AR,1583453645,82,-45.87,-67.5,64.4,10.29
505,vardo,75,NO,1583453201,92,70.37,31.11,24.8,6.93
506,nacala,1,MZ,1583453646,92,-14.54,40.67,72.27,8.21
507,alta floresta,78,BR,1583453415,95,-9.88,-56.09,72.52,3.87
508,los llanos de aridane,40,ES,1583453462,88,28.66,-17.92,64.4,12.75
509,bar harbor,1,US,1583453646,30,44.39,-68.2,41.0,9.17
510,kilindoni,96,TZ,1583453646,78,-7.91,39.67,80.46,13.33
511,price,1,US,1583453647,24,39.6,-110.81,57.2,3.36
512,prado,100,BR,1583453647,83,-17.34,-39.22,81.52,7.18
513,santa lucia,75,ES,1583453647,72,27.91,-15.54,66.2,20.8
514,podyuga,100,RU,1583453647,94,61.09,40.86,37.51,14.88
515,iisaku,39,EE,1583453647,91,59.1,27.31,33.66,12.46
516,pedernales,40,DO,1583453648,78,18.04,-71.74,80.6,11.41
517,healesville,75,AU,1583453648,93,-37.65,145.52,66.0,14.99
518,heihe,40,CN,1583453648,84,50.24,127.49,-0.4,2.95
519,port augusta,90,AU,1583453648,68,-32.5,137.77,64.99,5.82
520,aswan,0,EG,1583453649,15,24.09,32.91,71.55,7.83
521,akdepe,78,TM,1583453649,34,42.06,59.38,48.2,4.7
522,stanislav,82,UA,1583453649,98,46.57,32.15,46.99,5.53
523,petropavlovsk-kamchatskiy,0,RU,1583453649,66,53.05,158.65,14.0,6.71
524,ranikhet,100,IN,1583453649,86,29.65,79.42,46.11,5.46
525,kalmunai,91,LK,1583453650,71,7.42,81.82,79.66,7.9
526,ojinaga,1,MX,1583453650,15,29.57,-104.42,73.4,13.87
527,oparino,100,RU,1583453650,95,59.85,48.28,27.25,13.18
528,khorixas,45,NA,1583453500,49,-20.37,14.97,77.52,2.84
529,koumac,15,NC,1583453650,54,-20.57,164.28,86.25,4.21
530,bordighera,20,IT,1583453651,76,43.78,7.66,51.8,10.29
531,pomezia,75,IT,1583453651,76,41.67,12.51,57.0,17.22
532,baculin,95,PH,1583453651,75,7.45,126.58,79.3,3.42
533,arlit,0,NE,1583453651,14,18.74,7.39,74.5,13.62
534,chipata,16,ZM,1583453652,95,-13.63,32.65,61.56,2.89
535,boa vista,40,BR,1583453377,41,2.82,-60.67,91.4,10.29
536,bafq,0,IR,1583453652,35,31.61,55.41,47.61,1.25
537,plettenberg bay,10,ZA,1583453652,90,-34.05,23.37,66.58,1.74
538,ulladulla,75,AU,1583453653,88,-35.35,150.47,73.0,12.75
539,seoul,1,KR,1583453408,79,37.57,126.98,30.2,1.12
540,kochi,40,IN,1583453582,88,9.94,76.26,80.6,4.7
541,charters towers,90,AU,1583453654,64,-20.1,146.27,85.01,3.09
542,acapulco,75,MX,1583453116,74,16.86,-99.89,84.2,9.17
543,rock sound,37,BS,1583453654,90,24.9,-76.2,75.33,11.03
544,hartford,1,US,1583453577,39,41.77,-72.77,45.0,6.93
545,prince rupert,90,CA,1583453626,93,54.32,-130.32,35.6,10.29
546,maceio,0,BR,1583453607,83,-9.67,-35.74,80.6,8.05
547,soe,100,ID,1583453655,78,-9.86,124.28,79.38,1.79
548,front royal,1,US,1583453616,36,38.92,-78.19,50.0,4.7
549,sfantu gheorghe,86,RO,1583453656,89,45.87,25.78,37.99,2.28
550,wamba,6,NG,1583453656,16,8.93,8.6,77.81,5.68
551,ormara,0,PK,1583453656,40,25.21,64.64,68.86,18.45
552,tres arroyos,78,AR,1583453656,36,-38.37,-60.28,78.76,12.19
553,douglas,40,US,1583453493,45,41.3,-96.17,48.2,27.51
554,tanabe,40,JP,1583453657,52,33.73,135.37,46.0,14.99
555,ignacio zaragoza,78,MX,1583453657,35,28.38,-107.22,55.99,7.0
556,am timan,3,TD,1583453458,14,11.03,20.28,78.55,4.68
557,biak,100,ID,1583453657,80,-0.91,122.88,80.73,8.32
558,mabai,96,CN,1583453658,95,23.01,104.45,52.79,3.44
559,bintulu,90,MY,1583453658,100,3.17,113.03,73.4,4.7
560,phan thiet,33,VN,1583453658,86,10.93,108.1,71.82,4.07
561,haverfordwest,96,GB,1583453659,93,51.8,-4.97,35.6,5.82
562,horodok,100,UA,1583453659,95,49.16,26.58,37.99,1.99
563,port-gentil,20,GA,1583453659,94,-0.72,8.78,80.6,5.82
564,eureka,90,US,1583453165,81,40.8,-124.16,53.01,4.7
565,isla vista,1,US,1583453660,72,34.41,-119.86,72.0,17.22
